/* 
    Items NAXX
		            */

SET IDENTITY_INSERT [schmond].[dbo].[Item] ON
INSERT INTO [schmond].[dbo].[Item] ([ItemId], [ItemName], [ItemNameEN]) VALUES
(70001,'Band der unerhörten Gebete','Band of Unanswered Prayers'),
(70002,'Seidenumhang der Gruftbestie','Cryptfiend Silk Cloak'),
(70003,'Edelstein von Nerubis','Gem of Nerubis'),
(70004,'Berührung des Frosts','Touch of Frost'),
(70005,'Handgelenksschutz der Rache','Wristguards of Vengeance'),
(70006,'Entweihte Bindungen','Desecrated Bindings'),
(70007,'Entweihte Armschienen','Desecrated Bracers'),
(70008,'Entweihter Handgelenksschutz','Desecrated Wristguards'),
(70009,'Bruchstück von Atiesh','Splinter of Atiesh'),
(70010,'Claymore der unheiligen Kraft','Claymore of Unholy Might'),
(70011,'Todeshandel','Death''s Bargain'),
(70012,'Faulige Hand der Macht','Digested Hand of Power'),
(70013,'67s verschollenes Halsband','67''s Missing Collar'),
(70014,'Reifbedeckter Mantel','Rime Covered Mantle'),
(70015,'Entweihte Stiefel','Desecrated Boots'),
(70016,'Entweihte Sabatons','Desecrated Sabatons'),
(70017,'Entweihte Sandalen','Desecrated Sandals'),
(70018,'Entweihte Schulterstücke','Desecrated Pauldrons'),
(70019,'Entweihte Schulterpolster','Desecrated Shoulderpads'),
(70020,'Entweihte Schiftung','Desecrated Spaulders'),
(70021,'Entweihter Gürtel','Desecrated Belt'),
(70022,'Entweihter Gurt','Desecrated Girdle'),
(70023,'Entweihter Taillenschutz','Desecrated Waistguard'),
(70024,'Stiefel der Verrückung','Boots of Displacement'),
(70025,'Gletscherkopfputz','Glacial Headdress'),
(70026,'Polarhelm','Polar Helmet'),
(70027,'Sadistenhalsband','Sadist''s Collar'),
(70028,'Bindungen des Seelenjägers','The Soul Harvester''s Bindings'),
(70029,'Eisfluchschulterstücke','Icebane Pauldrons'),
(70030,'Heimtückischer Steinanhänger','Malice Stone Pendant'),
(70031,'Polarschulterpolster','Polar Shoulder Pads'),
(70032,'Umarmung der Witwe','The Widow''s Embrace'),
(70033,'Reue der Witwe','Widow''s Remorse'),
(70034,'Gletschermantel','Glacial Mantle'),
(70035,'Eisschuppenschiftung','Icy Scale Spaulders'),
(70036,'Mitternachtsnebel','Midnight Haze'),
(70037,'Das Ende aller Träume','The End of Dreams'),
(70038,'Toxindüse','Toxin Injector'),
(70039,'Eisfluchhelm','Icebane Helmet'),
(70040,'Eisschuppenhelmkappe','Icy Scale Coif'),
(70041,'Beinplatten des Blutbads','Legplates of Carnage'),
(70042,'Halskette der Leichenschau','Necklace of Necropsy'),
(70043,'Hut des Mentors','Preceptor''s Hat'),
(70044,'Gurt des Mentors','Girdle of the Mentor'),
(70045,'Iblis, Klinge des gefallenen Engels','Iblis, Blade of the Fallen Seraph'),
(70046,'Götze der Langlebigkeit','Idol of Longevity'),
(70047,'Siegel des gefallenen Verteidigers','Signet of the Fallen Defender'),
(70048,'Schleier der Finsternis','Veil of Eclipse'),
(70049,'Zauberstab des flüsternden Todes','Wand of the Whispering Dead'),
(70050,'Ring der Knochensense','Bonescythe Ring'),
(70051,'Schicksalszeig','Doomfinger'),
(70052,'Frostfeuerring','Frostfire Ring'),
(70053,'Edelstein der gefangenen Unschuld','Gem of Trapped Innocents'),
(70054,'Gressil, Vorbote des Untergangs','Gressil, Dawn of Ruin'),
(70055,'Hammer des wirbelnden Nethers','Hammer of the Twisting Nether'),
(70056,'Königsmörder','Kingsfall'),
(70057,'Macht von Menethil','Might of Menethil'),
(70058,'Nerubischer Sklavenjäger','Nerubian Slavemaker'),
(70059,'Ring des verseuchten Herzens','Plagueheart Ring'),
(70060,'Ring des Glaubens','Ring of Faith'),
(70061,'Ring der Erlösung','Ring of Redemption'),
(70062,'Ring des Gruftpirschers','Ring of the Cryptstalker'),
(70063,'Ring des Schreckenspanzers','Ring of the Dreadnaught'),
(70064,'Ring des Traumwandlers','Ring of the Dreamwalker'),
(70065,'Ring des Erdspalters','Ring of the Earthshatterer'),
(70066,'Schild der Geisselung','Shield of Condemnation'),
(70067,'Seelensucher','Soulseeker'),
(70068,'Stabkopf von Atiesh','Staff Head of Atiesh'),
(70069,'Stormrages Talisman des Zorns','Stormrage''s Talisman of Seething'),
(70070,'Die zehrende Kälte','The Hungering Cold'),
(70071,'Kel''Thuzads Phylakterium','The Phylactery of Kel''Thuzad'),
(70072,'Band der unnatürlichen Kräfte','Band of Unnatural Forces'),
(70073,'Schwefelstab','Brimstone Staff'),
(70074,'Entweihte Gamaschen','Desecrated Leggings'),
(70075,'Entweihte Beinschützer','Desecrated Legguards'),
(70076,'Entweihte Beinplatten','Desecrated Legplates'),
(70077,'61s Abglanz','61''s Reflection'),
(70078,'Ring des Seeleneifers','Ring of Spiritual Fervor'),
(70079,'Das Auge Nerubs','The Eye of Nerub'),
(70080,'Kristallgewebte Robe','Crystal Webbed Robe'),
(70081,'Entweihte Stulpen','Desecrated Gauntlets'),
(70082,'Entweihte Handschuhe','Desecrated Gloves'),
(70083,'Entweihte Handschützer','Desecrated Handguards'),
(70084,'Kuss der Spinne','Kiss of the Spider'),
(70085,'58s Fangzahn','58''s Fang'),
(70086,'Anhänger der vergessenen Namen','Pendant of Forgotten Names'),
(70087,'Gespensterklinge','Wraith Blade'),
(70088,'Band des Unvermeidlichen','Band of the Inevitable'),
(70089,'Umhang der Geissel','Cloak of the Scourge'),
(70090,'Hagelschauerband','Hailstone Band'),
(70091,'Knochenspalterbeil','Hatchet of Sundered Bone'),
(70092,'Buchband des Lichts','Libram of Light'),
(70093,'59s kaltes Herz','59''s Frigid Heart'),
(70094,'Totem des Wasserlaufs','Totem of Flowing Water'),
(70095,'Band des neuen Lebens','Band of Reanimation'),
(70096,'Umhang der Wundnaht','Cloak of Suturing'),
(70097,'Wundspalter','Severance'),
(70098,'Der Seuchenbringer','The Plague Bearer'),
(70099,'Zauberstab der Heimsuchung','Wand of Fates'),
(70100,'Klaue des Frostwyrms','Claw of the Frost Wyrm'),
(70101,'Umhang der Nekropole','Cloak of the Necropolis'),
(70102,'Auge des Todes','Eye of the Dead'),
(70103,'Standhaftigkeit der Geissel','Fortitude of the Scourge'),
(70104,'Glyphe der Abwehr','Glyph of Deflection'),
(70105,'Macht der Geissel','Might of the Scourge'),
(70106,'Stärke der Geissel','Power of the Scourge'),
(70107,'Unverwüstlichkeit der Geissel','Resilience of the Scourge'),
(70108,'69s linkes Auge','69''s Left Eye'),
(70109,'69s rechtes Auge','69''s Right Eye'),
(70110,'Schleier der Herrschaft','Shroud of Dominion'),
(70111,'Wappen des Schlächters','Slayer''s Crest'),
(70112,'Das Gesicht des Todes','The Face of Death'),
(70113,'Die gebundene Essenz Saphirons','The Restrained Essence of 69'),
(70114,'Entweihter Reif','Desecrated Circlet'),
(70115,'Entweihtes Kopfstück','Desecrated Headpiece'),
(70116,'Entweihter Helm','Desecrated Helmet'),
(70117,'Auge des Schwunds','Eye of Diminution'),
(70118,'Gamaschen des Widerspruchs','Leggings of Polarity'),
(70119,'Gepanzerter Monstrositätenbrustkorb','Plated Abomination Ribcage'),
(70120,'Spitze des Zwiespalts','Spire of Twilight'),
(70121,'Der Bestrafer','The Castigator'),
(70122,'Verderbter Aschenbringer','Corrupted Ashbringer'),
(70123,'Entweihte Brustplatte','Desecrated Breastplate'),
(70124,'Entweihte Robe','Desecrated Robe'),
(70125,'Entweihte Tunika','Desecrated Tunic'),
(70126,'Gamaschen der Apokalypse','Leggings of Apocalypse'),
(70127,'Keule des erlösten Kreuzzüglers','Maul of the Redeemed Crusader'),
(70128,'Siegel der Verdammten','Seal of the Damned'),
(70129,'Seelenstrang','Soulstring'),
(70130,'Güte der Vergebung','Warmth of Forgiveness'),
(70131,'Gürtel des obersten Kreuzzüglers','Belt of the Grand Crusader'),
(70132,'Ramladnis Schicksal','Fate of Ramaladni'),
(70133,'Ghulhauttunika','Ghoul Skin Tunic'),
(70134,'Gurt des Elementarfurors','Girdle of Elemental Fury'),
(70135,'Verdammnisbote','Harbinger of Doom'),
(70136,'Gamaschen des Elementarfurors','Leggings of Elemental Fury'),
(70137,'Gamaschen des obersten Kreuzzüglers','Leggings of the Grand Crusader'),
(70138,'Abgerissener Servoarm','Misplaced Servo Arm'),
(70139,'Gewand des Nekroritters','Necro-Knight''s Garb'),
(70140,'Schulterstücke des Elementarfurors','Pauldrons of Elemental Fury'),
(70141,'Ring der ewigen Flamme','Ring of the Eternal Flame'),
(70142,'Schiftung des obersten Kreuzzüglers','Spaulders of the Grand Crusader'),
(70143,'Stygischer Rundschild','Stygian Buckler'),
(70144,'Kampfzerschlissenes Kettenstück','Wartorn Chain Scrap'),
(70145,'Kampfzerschlissenes Stoffstück','Wartorn Cloth Scrap'),
(70146,'Kampfzerschlissenes Lederstück','Wartorn Leather Scrap'),
(70147,'Kampfzerschlissenes Plattenstück','Wartorn Plate Scrap')
SET IDENTITY_INSERT [schmond].[dbo].[Item] OFF

INSERT INTO [schmond].[dbo].[ItemClassSetting] ([FK_ItemId], [FK_ClassId]) VALUES
(70006,3),
(70006,2),
(70006,1),
(70007,8),
(70007,4),
(70008,9),
(70008,7),
(70008,6),
(70008,5),
(70015,7),
(70015,5),
(70015,6),
(70015,9),
(70016,4),
(70016,8),
(70017,3),
(70017,2),
(70017,1),
(70018,4),
(70018,8),
(70019,3),
(70019,2),
(70019,1),
(70020,7),
(70020,5),
(70020,6),
(70020,9),
(70021,3),
(70021,2),
(70021,1),
(70022,7),
(70022,5),
(70022,6),
(70022,9),
(70023,4),
(70023,8),
(70050,4),
(70052,2),
(70059,3),
(70060,1),
(70061,9),
(70062,6),
(70063,8),
(70064,5),
(70065,7),
(70074,1),
(70074,2),
(70074,3),
(70075,7),
(70075,5),
(70075,6),
(70075,9),
(70076,4),
(70076,8),
(70081,4),
(70081,8),
(70082,1),
(70082,2),
(70082,3),
(70083,9),
(70083,7),
(70083,6),
(70083,5),
(70114,3),
(70114,2),
(70114,1),
(70115,7),
(70115,5),
(70115,6),
(70115,9),
(70116,4),
(70116,8),
(70123,4),
(70123,8),
(70124,3),
(70124,2),
(70124,1),
(70125,7),
(70125,5),
(70125,6),
(70125,9),
(70131,9),
(70134,7),
(70136,7),
(70137,9),
(70139,1),
(70139,2),
(70139,3),
(70140,7),
(70142,9)

INSERT INTO [schmond].[dbo].[ItemBossSetting] ([FK_ItemId], [FK_BossId]) VALUES
(70001,56),
(70002,56),
(70003,56),
(70004,56),
(70005,56),
(70006,56),
(70006,67),
(70006,57),
(70007,56),
(70007,67),
(70007,57),
(70008,56),
(70008,67),
(70008,57),
(70009,56),
(70009,67),
(70009,63),
(70009,57),
(70009,66),
(70009,60),
(70009,62),
(70009,61),
(70009,58),
(70009,59),
(70009,65),
(70009,68),
(70009,64),
(70010,67),
(70011,67),
(70012,67),
(70013,67),
(70014,67),
(70015,67),
(70015,63),
(70015,62),
(70016,67),
(70016,63),
(70016,62),
(70017,67),
(70017,63),
(70017,62),
(70018,67),
(70018,66),
(70018,65),
(70019,67),
(70019,66),
(70019,65),
(70020,67),
(70020,66),
(70020,65),
(70021,67),
(70021,60),
(70021,59),
(70022,67),
(70022,60),
(70022,59),
(70023,67),
(70023,60),
(70023,59),
(70024,63),
(70025,63),
(70026,63),
(70027,63),
(70028,63),
(70029,57),
(70030,57),
(70031,57),
(70032,57),
(70033,57),
(70034,66),
(70035,66),
(70036,66),
(70037,66),
(70038,66),
(70039,60),
(70040,60),
(70041,60),
(70042,60),
(70043,60),
(70044,62),
(70045,62),
(70046,62),
(70047,62),
(70048,62),
(70049,62),
(70050,70),
(70051,70),
(70052,70),
(70053,70),
(70054,70),
(70055,70),
(70056,70),
(70057,70),
(70058,70),
(70059,70),
(70060,70),
(70061,70),
(70062,70),
(70063,70),
(70064,70),
(70065,70),
(70066,70),
(70067,70),
(70068,70),
(70069,70),
(70070,70),
(70071,70),
(70072,61),
(70073,61),
(70074,61),
(70075,61),
(70076,61),
(70077,61),
(70078,61),
(70079,61),
(70080,58),
(70081,58),
(70082,58),
(70083,58),
(70084,58),
(70085,58),
(70086,58),
(70087,58),
(70088,59),
(70089,59),
(70090,59),
(70091,59),
(70092,59),
(70093,59),
(70094,59),
(70095,65),
(70096,65),
(70097,65),
(70098,65),
(70099,65),
(70100,69),
(70101,69),
(70102,69),
(70103,69),
(70104,69),
(70105,69),
(70106,69),
(70107,69),
(70108,69),
(70109,69),
(70110,69),
(70111,69),
(70112,69),
(70113,69),
(70114,68),
(70115,68),
(70116,68),
(70117,68),
(70118,68),
(70119,68),
(70120,68),
(70121,68),
(70122,64),
(70123,64),
(70124,64),
(70125,64),
(70126,64),
(70127,64),
(70128,64),
(70129,64),
(70130,64),
(70131,71),
(70132,71),
(70133,71),
(70134,71),
(70135,71),
(70136,71),
(70137,71),
(70138,71),
(70139,71),
(70140,71),
(70141,71),
(70142,71),
(70143,71),
(70144,71),
(70145,71),
(70146,71),
(70147,71)