/* 
    Items BWL
		            */

SET IDENTITY_INSERT [schmond].[dbo].[Item] ON
INSERT INTO [schmond].[dbo].[Item] ([ItemId], [ItemName], [ItemNameEN]) VALUES
(40001,'Angelistas Gespühr','Angelista''s Grasp'),
(40002,'Ashjre''thul, Armbrust der Pein','Ashjre''thul, Crossbow of Smiting'),
(40003,'Blutfangschultern','Bloodfang Spaulders'),
(40004,'Chromatische Stiefel','Chromatic Boots'),
(40005,'Chromatisch gehärtetes Schwert','Chromatically Tempered Sword'),
(40006,'Klaue von Chromaggus','Claw of Chromaggus'),
(40007,'Schiftung des Drachenjägers','Dragonstalker''s Spaulders'),
(40008,'Elementiumverstärktes Bollwerk','Elementium Reinforced Bulwark'),
(40009,'Elementiumdurchwirkter Umhang','Elementium Threaded Cloak'),
(40010,'Energieerfüllte Gamaschen','Empowered Leggings'),
(40011,'Schulterklappen der zehn Stürme','Epaulets of Ten Storms'),
(40012,'Gurt des gefallenen Kreuzfahrers','Girdle of the Fallen Crusader'),
(40013,'Schiftung des Richturteils','Judgement Spaulders'),
(40014,'Schiftung der Nemesis','Nemesis Spaulders'),
(40015,'Mantel des Netherwinds','Netherwind Mantle'),
(40016,'Schulterstücke der Erhabenheit','Pauldrons of Transcendence'),
(40017,'Schulterstücke des Zorns','Pauldrons of Wrath'),
(40018,'Gekettelter Taillenschutz des Primalisten','Primalist''s Linked Waistguard'),
(40019,'Schimmernde Getas','Shimmering Geta'),
(40020,'Sturmgrimms Schulterstücke','Stormrage Pauldrons'),
(40021,'Gehärtete Drachenlederhandschuhe','Taut Dragonhide Gloves'),
(40022,'Gehärtete Drachenlederschulterpolster','Taut Dragonhide Shoulderpads'),
(40023,'Aegis der Bewahrung','Aegis of Preservation'),
(40024,'Band der erzwungenen Konzentration','Band of Forced Concentration'),
(40025,'Drachenodemhandkanone','Dragonbreath Hand Cannon'),
(40026,'Drachenzahntalisman','Drake Fang Talisman'),
(40027,'Ebenholzfarbene Flammenhandschuhe','Ebony Flame Gloves'),
(40028,'Malfurions gesegnetes Bollwerk','Malfurion''s Blessed Bulwark'),
(40029,'Blutfanghandschuhe','Bloodfang Gloves'),
(40030,'Stulpen des Drachenjägers','Dragonstalker''s Gauntlets'),
(40031,'Drachenkrallenbeil','Drake Talon Cleaver'),
(40032,'Drachenkrallenschulterstücke','Drake Talon Pauldrons'),
(40033,'Stulpen der zehn Stürme','Gauntlets of Ten Storms'),
(40034,'Stulpen des Zorns','Gauntlets of Wrath'),
(40035,'Handschützer der Erhabenheit','Handguards of Transcendence'),
(40036,'Stulpen des Richturteils','Judgement Gauntlets'),
(40037,'Handschuhe der Nemesis','Nemesis Gloves'),
(40038,'Handschuhe des Netherwinds','Netherwind Gloves'),
(40039,'Edelstein der Verjüngung','Rejuvenating Gem'),
(40040,'Ring des Schwarzfels','Ring of Blackrock'),
(40041,'Fokussierstab der Schattenschwingen','Shadow Wing Focus Staff'),
(40042,'Sturmgrimms Handschützer','Stormrage Handguards'),
(40043,'Gehärteter Drachenledergürtel','Taut Dragonhide Belt'),
(40044,'Schwarzaschenrobe','Black Ash Robe'),
(40045,'Klaue des Schwarzdrachen','Claw of the Black Drake'),
(40046,'Feuerschwingens Umhang','Cloak of Firemaw'),
(40047,'Feuerschwingens Griff','Firemaw''s Clutch'),
(40048,'Beinschützer des gefallenen Kreuzfahrers','Legguards of the Fallen Crusader'),
(40049,'Kristall der Naturverbundenheit','Natural Alignment Crystal'),
(40050,'Gekettelter Beinschützer des Primalisten','Primalist''s Linked Legguards'),
(40051,'Rollen des Blendenden Lichts','Scrolls of Blinding Light'),
(40052,'Kreis der angewandten Macht','Circle of Applied Force'),
(40053,'Berührung des Drachen','Dragon''s Touch'),
(40054,'Sandzwirngamaschen','Emberweave Leggings'),
(40055,'Herold des Leidens','Herald of Woe'),
(40056,'Schleier des reinen Gedankens','Shroud of Pure Thought'),
(40057,'Styleens verhindernder Skarabäus','Styleen''s Impeding Scarab'),
(40058,'Schultern der Schwarzen Brut','Black Brood Pauldrons'),
(40059,'Blutfangstiefel','Bloodfang Boots'),
(40060,'Stiefel der Erhabenheit','Boots of Transcendence'),
(40061,'Armschienen der arkanen Präzision','Bracers of Arcane Accuracy'),
(40062,'Schienbeinschützer des Drachenjägers','Dragonstalker''s Greaves'),
(40063,'Schienbeinschützer der zehn Stürme','Greaves of Ten Storms'),
(40064,'Kopf des Brutwächters Dreschbringer','Head of the Broodlord Lashlayer'),
(40065,'Herzensbrecher','Heartstriker'),
(40066,'Sabatons des Richturteils','Judgement Sabatons'),
(40067,'Lebensspendender Edelstein','Lifegiving Gem'),
(40068,'Maladath, Runenverzierte Klinge des schwarzen Drachenschwarms','Maladath, Runed Blade of the Black Flight'),
(40069,'Stiefel der Nemesis','Nemesis Boots'),
(40070,'Stiefel des Netherwinds','Netherwind Boots'),
(40071,'Sabatons des Zorns','Sabatons of Wrath'),
(40072,'Sturmgrimms Stiefel','Stormrage Boots'),
(40073,'Gifttotem','Venomous Totem'),
(40074,'Archimtiros'' Ring der Abrechnung','Archimtiros'' Ring of Reckoning'),
(40075,'Ashkandi, Grossschwert der Bruderschaft','Ashkandi, Greatsword of the Brotherhood'),
(40076,'Blutfangbrustharnisch','Bloodfang Chestpiece'),
(40077,'Stiefel der Schattenflamme','Boots of the Shadow Flame'),
(40078,'Brustplatte der zehn Stürme','Breastplate of Ten Storms'),
(40079,'Brustplatte des Zorns','Breastplate of Wrath'),
(40080,'Umhang des Brutlords','Cloak of the Brood Lord'),
(40081,'Crul''shorukh, Schneide des Chaos','Crul''shorukh, Edge of Chaos'),
(40082,'Brustplatte des Drachenjägers','Dragonstalker''s Breastplate'),
(40083,'Kopf von Nefarian','Head of Nefarian'),
(40084,'Brustplatte des Richturteils','Judgement Breastplate'),
(40085,'Lok''amir il Romathis','Lok''amir il Romathis'),
(40086,'Mish''undare, Reif des Gedankenschinders','Mish''undare, Circlet of the Mind Flayer'),
(40087,'Neltharions Träne','Neltharion''s Tear'),
(40088,'Roben der Nemesis','Nemesis Robes'),
(40089,'Roben des Netherwinds','Netherwind Robes'),
(40090,'Prestors Talisman der Verschwörung','Prestor''s Talisman of Connivery'),
(40091,'Band aus reinem Elementium','Pure Elementium Band'),
(40092,'Roben der Erhabenheit','Robes of Transcendence'),
(40093,'Stab der Schattenflamme','Staff of the Shadow Flame'),
(40094,'Sturmgrimms Brustschutz','Stormrage Chestguard'),
(40095,'Therazanes Zusammenhalt','Therazane''s Link'),
(40096,'Bindungen der Erhabenheit','Bindings of Transcendence'),
(40097,'Blutfangarmschienen','Bloodfang Bracers'),
(40098,'Armreifen des Zorns','Bracelets of Wrath'),
(40099,'Armschienen der zehn Stürme','Bracers of Ten Storms'),
(40100,'Armschienen des Drachenjägers','Dragonstalker''s Bracers'),
(40101,'Handschuhe der rapiden Evolution','Gloves of Rapid Evolution'),
(40102,'Bindungen des Richturteils','Judgement Bindings'),
(40103,'Mantel der Pechschwingenkabale','Mantle of the Blackwing Cabal'),
(40104,'Armschienen der Nemesis','Nemesis Bracers'),
(40105,'Bindungen des Netherwinds','Netherwind Bindings'),
(40106,'Wirbelsäulenbrecher','Spineshatter'),
(40107,'Sturmgrimms Armschienen','Stormrage Bracers'),
(40108,'Das schwarze Buch','The Black Book'),
(40109,'Die ungezähmte Klinge','The Untamed Blade'),
(40110,'Edelstein der arkanen Kraft','Arcane Infused Gem'),
(40111,'Band der dunklen Herrschaft','Band of Dark Dominion'),
(40112,'Stiefel des reinen Gedankens','Boots of Pure Thought'),
(40113,'Umhang der drachischen Macht','Cloak of Draconic Might'),
(40114,'Schneide der Verdammnis','Doom''s Edge'),
(40115,'Drachischer Rächer','Draconic Avenger'),
(40116,'Drachischer Schlägel','Draconic Maul'),
(40117,'Essenzsammler','Essence Gatherer'),
(40118,'Geflochtener Schattenwams','Interlaced Shadow Jerkin'),
(40119,'Ringos Blizzardstiefel','Ringo''s Blizzard Boots'),
(40120,'Gürtel der zehn Stürme','Belt of Ten Storms'),
(40121,'Gürtel der Erhabenheit','Belt of Transcendence'),
(40122,'Blutfanggürtel','Bloodfang Belt'),
(40123,'Drachenzahnklinge','Dragonfang Blade'),
(40124,'Gürtel des Drachenjägers','Dragonstalker''s Belt'),
(40125,'Helm der unendlichen Rage','Helm of Endless Rage'),
(40126,'Gürtel des Richturteils','Judgement Belt'),
(40127,'Edelstein des Gedankensprungs','Mind Quickening Gem'),
(40128,'Gürtel der Nemesis','Nemesis Belt'),
(40129,'Gürtel des Netherwinds','Netherwind Belt'),
(40130,'Anhänger des gefallenen Drachen','Pendant of the Fallen Dragon'),
(40131,'Roter Drachenschuppenbeschützer','Red Dragonscale Protector'),
(40132,'Rune der Metamorphose','Rune of Metamorphosis'),
(40133,'Sturmgrimms Gürtel','Stormrage Belt'),
(40134,'Gürtelbund des Zorns','Waistband of Wrath')
SET IDENTITY_INSERT [schmond].[dbo].[Item] OFF

INSERT INTO [schmond].[dbo].[ItemClassSetting] ([FK_ItemId], [FK_ClassId]) VALUES
(40003,4),
(40007,6),
(40011,7),
(40013,9),
(40014,3),
(40015,2),
(40016,1),
(40017,8),
(40020,5),
(40023,1),
(40029,4),
(40030,6),
(40033,7),
(40034,8),
(40035,1),
(40036,9),
(40037,3),
(40038,2),
(40042,5),
(40049,7),
(40051,9),
(40059,4),
(40060,1),
(40062,6),
(40063,7),
(40066,9),
(40067,8),
(40069,3),
(40070,2),
(40071,8),
(40072,5),
(40073,4),
(40076,4),
(40078,7),
(40079,8),
(40082,6),
(40084,9),
(40088,3),
(40089,2),
(40092,1),
(40094,5),
(40096,1),
(40097,4),
(40098,8),
(40099,7),
(40100,6),
(40102,9),
(40104,3),
(40105,2),
(40107,5),
(40108,3),
(40110,6),
(40120,7),
(40121,1),
(40122,4),
(40124,6),
(40126,9),
(40127,2),
(40128,3),
(40129,2),
(40132,5),
(40133,5),
(40134,8)

INSERT INTO [schmond].[dbo].[ItemBossSetting] ([FK_ItemId], [FK_BossId]) VALUES
(40001,33),
(40002,33),
(40003,33),
(40004,33),
(40005,33),
(40006,33),
(40007,33),
(40008,33),
(40009,33),
(40010,33),
(40011,33),
(40012,33),
(40013,33),
(40014,33),
(40015,33),
(40016,33),
(40017,33),
(40018,33),
(40019,33),
(40020,33),
(40021,33),
(40022,33),
(40023,31),
(40024,31),
(40025,31),
(40026,31),
(40027,31),
(40028,31),
(40029,30),
(40029,31),
(40029,32),
(40030,30),
(40030,31),
(40030,32),
(40031,30),
(40031,31),
(40031,32),
(40032,30),
(40032,31),
(40032,32),
(40033,30),
(40033,31),
(40033,32),
(40034,30),
(40034,31),
(40034,32),
(40035,30),
(40035,31),
(40035,32),
(40036,30),
(40036,31),
(40036,32),
(40037,30),
(40037,31),
(40037,32),
(40038,30),
(40038,31),
(40038,32),
(40039,30),
(40039,31),
(40039,32),
(40040,30),
(40040,31),
(40040,32),
(40041,30),
(40041,31),
(40041,32),
(40042,30),
(40042,31),
(40042,32),
(40043,30),
(40043,31),
(40043,32),
(40044,32),
(40045,32),
(40046,32),
(40047,32),
(40048,32),
(40049,32),
(40050,32),
(40051,32),
(40052,30),
(40053,30),
(40054,30),
(40055,30),
(40056,30),
(40057,30),
(40058,29),
(40059,29),
(40060,29),
(40061,29),
(40062,29),
(40063,29),
(40064,29),
(40065,29),
(40066,29),
(40067,29),
(40068,29),
(40069,29),
(40070,29),
(40071,29),
(40072,29),
(40073,29),
(40074,34),
(40075,34),
(40076,34),
(40077,34),
(40078,34),
(40079,34),
(40080,34),
(40081,34),
(40082,34),
(40083,34),
(40084,34),
(40085,34),
(40086,34),
(40087,34),
(40088,34),
(40089,34),
(40090,34),
(40091,34),
(40092,34),
(40093,34),
(40094,34),
(40095,34),
(40096,27),
(40097,27),
(40098,27),
(40099,27),
(40100,27),
(40101,27),
(40102,27),
(40103,27),
(40104,27),
(40105,27),
(40106,27),
(40107,27),
(40108,27),
(40109,27),
(40110,27),
(40111,35),
(40112,35),
(40113,35),
(40114,35),
(40115,35),
(40116,35),
(40117,35),
(40118,35),
(40119,35),
(40120,28),
(40121,28),
(40122,28),
(40123,28),
(40124,28),
(40125,28),
(40126,28),
(40127,28),
(40128,28),
(40129,28),
(40130,28),
(40131,28),
(40132,28),
(40133,28),
(40134,28)