/* 
    Items MC
    (12, '', '', ''),
    2:Luci,3:Magma,4:Gehe,5:Garr,6:Shaz,7:Ged,8:Sulf,9:Gole,10:Majo,11:Ragi,12:Trash
    1:Priest,2:Mage,3:Warlock,4:Rogue,5:Druid,6:Hunter,7:Shaman,8:Warri,9:Pala
	1: Ony, 2: MC, 3: ZG, 4: BWL, 5: AQ20, 6: AQ40, 7: NAX, 8: World

INSERT INTO [schmond].[dbo].[Item] ([ItemId], [ItemName], [ItemNameEN]) VALUES
	(asdfasdf, 'asfdasdf',	'asdfasdf'),

INSERT INTO [schmond].[dbo].[ItemClassSetting] ([FK_ItemId], [FK_ClassId]) VALUES
	(asdfasdf,	asdfasdf),

INSERT INTO [schmond].[dbo].[ItemBossSetting] ([FK_ItemId], [FK_BossId]) VALUES
	(asdfasdf,	asdfasdf),
						*/

SET IDENTITY_INSERT [schmond].[dbo].[Item] ON
INSERT INTO [schmond].[dbo].[Item] ([ItemId], [ItemName], [ItemNameEN]) VALUES
	(20001, 'Alte Kernlederhandschuhe',	'Aged Core Leather Gloves'),
	(20002, 'Armreifen des Nachtmeuchlers',	'Nightslayer Bracelets'),
	(20003, 'Armschienen der Erdenwut',	'Earthfury Bracers'),
	(20004, 'Armschienen der Gerechtigkeit',	'Lawbringer Bracers'),
	(20005, 'Armschienen der Macht',	'Bracers of Might'),
	(20006, 'Armschienen des Cenarius',	'Cenarion Bracers'),
	(20007, 'Armschienen des Riesenjägers',	'Giantstalker''s Bracers'),
	(20008, 'Auge von Sulfuras',	'Eye of Sulfuras'),
	(20009, 'Aurasteinhammer',	'Aurastone Hammer'),
	(20010, 'Band der Ausbrennung',	'Cauterizing Band'),
	(20011, 'Band von Accuria',	'Band of Accuria'),
	(20012, 'Band von Sulfuras',	'Band of Sulfuras'),
	(20013, 'Beinplatten der Gerechtigkeit',	'Lawbringer Legplates'),
	(20014, 'Beinplatten der Macht',	'Legplates of Might'),
	(20015, 'Beinplatten der zehn Stürme',	'Legplates of Ten Storms'),
	(20016, 'Beinplatten des Richturteils',	'Judgement Legplates'),
	(20017, 'Beinplatten des Zorns',	'Legplates of Wrath'),
	(20018, 'Beinschützer der Erdenwut',	'Earthfury Legguards'),
	(20019, 'Beinschützer des Drachenjägers',	'Dragonstalker''s Legguards'),
	(20020, 'Bindungen des Arkanisten',	'Arcanist Bindings'),
	(20021, 'Blasterwerfer',	'Blastershot Launcher'),
	(20022, 'Blutfanghose',	'Bloodfang Pants'),
	(20023, 'Brandwachenschultern',	'Fireguard Shoulders'),
	(20024, 'Brustharnisch des Nachtmeuchlers',	'Nightslayer Chestpiece'),
	(20025, 'Brustplatte der Macht',	'Breastplate of Might'),
	(20026, 'Brustplatte des Riesenjägers',	'Giantstalker''s Breastplate'),
	(20027, 'Brustschutz der Gerechtigkeit',	'Lawbringer Chestguard'),
	(20028, 'Das Auge der Offenbarung',	'The Eye of Divinity'),
	(20029, 'Drachenblutcape',	'Dragon''s Blood Cape'),
	(20030, 'Drillbohrerscheibe',	'Drillborer Disk'),
	(20031, 'Erderschütterer',	'Earthshaker'),
	(20032, 'Eskhandars rechte Klaue',	'Eskhandar''s Right Claw'),
	(20033, 'Essenz der reinen Flamme',	'Essence of the Pure Flame'),
	(20034, 'Fesseln des Windsucher (links)',	'Bindings of the Windseeker (left)'),
	(20035, 'Fesseln des Windsuchers (rechts)',	'Bindings of the Windseeker (right)'),
	(20036, 'Feuerfester Umhang',	'Fireproof Cloak'),
	(20037, 'Feuerrunenverzierter Zauberfoliant',	'Fire Runed Grimoire'),
	(20038, 'Feuerschuppenbeinplatten',	'Flamewaker Legplates'),
	(20039, 'Finkles Lavagreifer',	'Finkle''s Lava Dredger'),
	(20040, 'Flammenwächterstulpen',	'Flameguard Gauntlets'),
	(20041, 'Gamaschen der Erhabenheit',	'Leggings of Transcendence'),
	(20042, 'Gamaschen der Nemesis',	'Nemesis Leggings'),
	(20043, 'Gamaschen des Arkanisten',	'Arcanist Leggings'),
	(20044, 'Gamaschen des Cenarius',	'Cenarion Leggings'),
	(20045, 'Gamaschen des Manasturms',	'Manastorm Leggings'),
	(20046, 'Gewand der Erdenwut',	'Earthfury Vestments'),
	(20047, 'Gewand des Cenarius',	'Cenarion Vestments'),
	(20048, 'Gurt der Prophezeiung',	'Girdle of Prophecy'),
	(20049, 'Gurt des Ansturms',	'Onslaught Girdle'),
	(20050, 'Gürtel der Erdenwut',	'Earthfury Belt'),
	(20051, 'Gürtel der Gerechtigkeit',	'Lawbringer Belt'),
	(20052, 'Gürtel der Macht',	'Belt of Might'),
	(20053, 'Gürtel des Arkanisten',	'Arcanist Belt'),
	(20054, 'Gürtel des Cenarius',	'Cenarion Belt'),
	(20055, 'Gürtel des Nachtmeuchlers',	'Nightslayer Belt'),
	(20056, 'Gürtel des Riesenjägers',	'Giantstalker''s Belt'),
	(20057, 'Halsschmuck der Erleuchtung',	'Choker of Enlightenment'),
	(20058, 'Halsschmuck des Feuerlords',	'Choker of the Fire Lord'),
	(20059, 'Handgelenkschutz der Stabilität',	'Wristguards of Stability'),
	(20060, 'Handgelenkschutz des wahren Flugs',	'Wristguards of True Flight'),
	(20061, 'Handschuhe der hypnotischen Flamme',	'Gloves of the Hypnotic Flame'),
	(20062, 'Handschuhe der Prophezeiung',	'Gloves of Prophecy'),
	(20063, 'Handschuhe des Arkanisten',	'Arcanist Gloves'),
	(20064, 'Handschuhe des Cenarius',	'Cenarion Gloves'),
	(20065, 'Handschuhe des Nachtmeuchlers',	'Nightslayer Gloves'),
	(20066, 'Handschuhe des Riesenjägers',	'Giantstalker''s Gloves'),
	(20067, 'Helm der Erdenwut',	'Earthfury Helmet'),
	(20068, 'Helm der Gerechtigkeit',	'Lawbringer Helm'),
	(20069, 'Helm der Macht',	'Helm of Might'),
	(20070, 'Helm des Cenarius',	'Cenarion Helm'),
	(20071, 'Helm des Lebensspenders',	'Helm of the Lifegiver'),
	(20072, 'Helm des Riesenjägers',	'Giantstalker''s Helmet'),
	(20073, 'Hose der Prophezeiung',	'Pants of Prophecy'),
	(20074, 'Hose des Nachtmeuchlers',	'Nightslayer Pants'),
	(20075, 'Hose des Netherwinds',	'Netherwind Pants'),
	(20076, 'Hose des Riesenjägers',	'Giantstalker''s Leggings'),
	(20077, 'Im Kern geschmiedete Schienbeinschützer',	'Core Forged Greaves'),
	(20078, 'Kernhundzahn',	'Core Hound Tooth'),
	(20079, 'Klinge des Verderbens',	'Perdition''s Blade'),
	(20080, 'Knochenhäschers Schneide',	'Bonereaver''s Edge'),
	(20081, 'Kopfschutz des Nachtmeuchlers',	'Nightslayer Cover'),
	(20082, 'Krone der Zerstörung',	'Crown of Destruction'),
	(20083, 'Krone des Arkanisten',	'Arcanist Crown'),
	(20084, 'Magierklinge des Azurlieds',	'Azuresong 2blade'),
	(20085, 'Magmagehärtete Stiefel',	'Magma Tempered Boots'),
	(20086, 'Mal des Schlägers',	'Striker''s Mark'),
	(20087, 'Malistars Verteidiger',	'Malistar''s Defender'),
	(20088, 'Mana entfachende Kordel',	'Mana Igniting Cord'),
	(20089, 'Mantel der Prophezeiung',	'Mantle of Prophecy'),
	(20090, 'Mantel des Arkanisten',	'Arcanist Mantle'),
	(20091, 'Medaillon der beständigen Macht',	'Medallion of Steadfast Might'),
	(20092, 'Purpurroter Schocker',	'Crimson Shocker'),
	(20093, 'Räuderipper',	'Gutgore Ripper'),
	(20094, 'Reif der Prophezeiung',	'Circlet of Prophecy'),
	(20095, 'Ring der Zauberkraft',	'Ring of Spell Power'),
	(20096, 'Ring des rasanten Schlags',	'Quick Strike Ring'),
	(20097, 'Robe der flüchtigen Macht',	'Robe of Volatile Power'),
	(20098, 'Roben der Prophezeiung',	'Robes of Prophecy'),
	(20099, 'Roben des Arkanisten',	'Arcanist Robes'),
	(20100, 'Rückgratschnitter',	'Spinal Reaper'),
	(20101, 'Sabatons der Macht',	'Sabatons of Might'),
	(20102, 'Sabatons des Flammenwandlers',	'Sabatons of the Flamewalker'),
	(20103, 'Salamanderschuppengamaschen',	'Salamander Scale Pants'),
	(20104, 'Scharfkantige Obsidianklinge',	'Obsidian Edged Blade'),
	(20105, 'Schärpe der geflüsterten Geheimnisse',	'Sash of Whispered Secrets'),
	(20106, 'Schattenschlag',	'Shadowstrike'),
	(20107, 'Schiftung der Gerechtigkeit',	'Lawbringer Spaulders'),
	(20108, 'Schiftung des Cenarius',	'Cenarion Spaulders'),
	(20109, 'Schiftung des wilden Wachstums',	'Wild Growth Spaulders'),
	(20110, 'Schulterklappen der Erdenwut',	'Earthfury Epaulets'),
	(20111, 'Schulterklappen des Nachtmeuchlers',	'Nightslayer Shoulder Pads'),
	(20112, 'Schulterklappen des Riesenjägers',	'Giantstalker''s Epaulets'),
	(20113, 'Schulterstücke der Macht',	'Pauldrons of Might'),
	(20114, 'Schwerer Dunkeleisenring',	'Heavy Dark Iron Ring'),
	(20115, 'Siegel des Erzmagiers',	'Seal of the Archmagus'),
	(20116, 'Splitter der Flamme',	'Shard of the Flame'),
	(20117, 'Stab der Dominanz',	'Staff of Dominance'),
	(20118, 'Stiefel der Erdenwut',	'Earthfury Boots'),
	(20119, 'Stiefel der Gerechtigkeit',	'Lawbringer Boots'),
	(20120, 'Stiefel der Prophezeiung',	'Boots of Prophecy'),
	(20121, 'Stiefel des Arkanisten',	'Arcanist Boots'),
	(20122, 'Stiefel des Cenarius',	'Cenarion Boots'),
	(20123, 'Stiefel des Nachtmeuchlers',	'Nightslayer Boots'),
	(20124, 'Stiefel des Riesenjägers',	'Giantstalker''s Boots'),
	(20125, 'Stulpen der Erdenwut',	'Earthfury Gauntlets'),
	(20126, 'Stulpen der Gerechtigkeit',	'Lawbringer Gauntlets'),
	(20127, 'Stulpen der Macht',	'Gauntlets of Might'),
	(20128, 'Sturmgrimms Beinschützer',	'Stormrage Legguards'),
	(20129, 'Sulfuronblock',	'Sulfuron Ingot'),
	(20130, 'Talisman der ephemeren Macht',	'Talisman of Ephemeral Power'),
	(20131, 'Teufelsherzarmschienen',	'Felheart Bracers'),
	(20132, 'Teufelsherzgürtel',	'Felheart Belt'),
	(20133, 'Teufelsherzhandschuhe',	'Felheart Gloves'),
	(20134, 'Teufelsherzhörner',	'Felheart Horns'),
	(20135, 'Teufelsherzhose',	'Felheart Pants'),
	(20136, 'Teufelsherzroben',	'Felheart Robes'),
	(20137, 'Teufelsherzschuhe',	'Felheart Slippers'),
	(20138, 'Teufelsherzschulterpolster',	'Felheart Shoulder Pads'),
	(20139, 'Tiefenerdschiftung',	'Deep Earth Spaulders'),
	(20140, 'Umhang der verhüllten Nebel',	'Cloak of the Shrouded Mists'),
	(20141, 'Unbarmherzige Klinge',	'Brutality Blade'),
	(20142, 'Unterarmschienen der Prophezeiung',	'Vambraces of Prophecy'),
	(20143, 'Uraltes versteinertes Blatt',	'Ancient Petrified Leaf'),
	(20144, 'Zauberdolch',	'Sorcerous Dagger')
SET IDENTITY_INSERT [schmond].[dbo].[Item] OFF

--SET IDENTITY_INSERT [schmond].[dbo].[ItemBossSetting] ON
INSERT INTO [schmond].[dbo].[ItemBossSetting] ([FK_ItemId], [FK_BossId]) VALUES
	(20001,	3),
	(20001,	5),
	(20001,	7),
	(20001,	9),
	(20002, 12),
	(20003, 12),
	(20004, 12),
	(20005, 12),
	(20006, 12),
	(20007, 12),
	(20008, 11),
	(20009, 5),
	(20010, 10),
	(20011, 11),
	(20012, 11),
	(20013, 3),
	(20014, 3),
	(20015, 11),
	(20016, 11),
	(20017, 11),
	(20018, 3),
	(20019, 11),
	(20020, 12),
	(20021, 9),
	(20022, 11),
	(20023, 10),
	(20024, 9),
	(20025, 9),
	(20026, 9),
	(20027, 9),
	(20028, 10),
	(20029, 11),
	(20030, 5),
	(20031, 3),
	(20032, 3),
	(20033, 11),
	(20034, 7),
	(20035, 5),
	(20036, 10),
	(20037, 3),
	(20037, 5),
	(20037, 7),
	(20037, 9),
	(20038, 2),
	(20038, 3),
	(20038, 4),
	(20038, 5),
	(20038, 6),
	(20038, 7),
	(20038, 8),
	(20038, 9),
	(20039, 10),
	(20040, 3),
	(20040, 5),
	(20040, 7),
	(20040, 9),
	(20041, 11),
	(20042, 11),
	(20043, 3),
	(20044, 3),
	(20045, 2),
	(20045, 4),
	(20045, 6),
	(20045, 8),
	(20046, 9),
	(20047, 9),
	(20048, 12),
	(20049, 11),
	(20050, 12),
	(20051, 12),
	(20052, 12),
	(20053, 12),
	(20054, 12),
	(20055, 12),
	(20056, 12),
	(20057, 2),
	(20058, 11),
	(20059, 2),
	(20059, 4),
	(20059, 6),
	(20059, 8),
	(20060, 10),
	(20061, 10),
	(20062, 4),
	(20063, 6),
	(20064, 6),
	(20065, 4),
	(20066, 6),
	(20067, 5),
	(20068, 5),
	(20069, 5),
	(20070, 5),
	(20071, 2),
	(20071, 4),
	(20071, 6),
	(20071, 8),
	(20072, 5),
	(20073, 3),
	(20074, 3),
	(20075, 11),
	(20076, 3),
	(20077, 10),
	(20078, 10),
	(20079, 11),
	(20080, 11),
	(20081, 5),
	(20082, 11),
	(20083, 5),
	(20084, 9),
	(20085, 3),
	(20085, 5),
	(20085, 7),
	(20085, 9),
	(20086, 3),
	(20087, 11),
	(20088, 3),
	(20088, 5),
	(20088, 7),
	(20088, 9),
	(20089, 8),
	(20090, 7),
	(20091, 3),
	(20092, 2),
	(20092, 4),
	(20092, 6),
	(20092, 8),
	(20093, 5),
	(20094, 5),
	(20095, 2),
	(20095, 4),
	(20095, 6),
	(20095, 8),
	(20096, 3),
	(20096, 5),
	(20096, 7),
	(20096, 9),
	(20097, 2),
	(20097, 4),
	(20097, 6),
	(20097, 8),
	(20098, 9),
	(20099, 9),
	(20100, 11),
	(20101, 4),
	(20102, 3),
	(20102, 5),
	(20102, 7),
	(20102, 9),
	(20103, 2),
	(20103, 4),
	(20103, 6),
	(20103, 8),
	(20104, 3),
	(20104, 5),
	(20104, 7),
	(20104, 9),
	(20105, 10),
	(20106, 8),
	(20107, 7),
	(20108, 7),
	(20109, 10),
	(20110, 7),
	(20111, 8),
	(20112, 8),
	(20113, 8),
	(20114, 2),
	(20114, 4),
	(20114, 6),
	(20114, 8),
	(20115, 7),
	(20116, 11),
	(20117, 9),
	(20118, 2),
	(20119, 2),
	(20120, 6),
	(20121, 2),
	(20122, 2),
	(20123, 6),
	(20124, 4),
	(20125, 4),
	(20126, 4),
	(20127, 2),
	(20128, 11),
	(20129, 9),
	(20130, 3),
	(20130, 5),
	(20130, 7),
	(20130, 9),
	(20131, 12),
	(20132, 12),
	(20133, 2),
	(20134, 5),
	(20135, 3),
	(20136, 9),
	(20137, 6),
	(20138, 7),
	(20139, 3),
	(20139, 5),
	(20139, 7),
	(20139, 9),
	(20140, 11),
	(20141, 5),
	(20142, 12),
	(20143, 10),
	(20144, 2),
	(20144, 4),
	(20144, 6),
	(20144, 8)
--SET IDENTITY_INSERT [schmond].[dbo].[ItemBossSetting] OFF

--SET IDENTITY_INSERT [schmond].[dbo].[ItemClassSetting] ON
INSERT INTO [schmond].[dbo].[ItemClassSetting] ([FK_ItemId], [FK_ClassId]) VALUES
	(20002, 4),
	(20003, 7),
	(20004, 9),
	(20005, 8),
	(20006, 5),
	(20007, 6),
	(20013, 9),
	(20014, 8),
	(20015, 7),
	(20016, 9),
	(20017, 8),
	(20018, 7),
	(20019, 6),
	(20020, 2),
	(20022, 4),
	(20024, 4),
	(20025, 8),
	(20026, 6),
	(20027, 9),
	(20028, 1),
	(20041, 1),
	(20042, 3),
	(20043, 2),
	(20044, 5),
	(20046, 7),
	(20047, 5),
	(20048, 1),
	(20050, 7),
	(20051, 9),
	(20052, 8),
	(20053, 2),
	(20054, 5),
	(20055, 4),
	(20056, 6),
	(20062, 1),
	(20063, 2),
	(20064, 5),
	(20065, 4),
	(20066, 6),
	(20067, 7),
	(20068, 9),
	(20069, 8),
	(20070, 5),
	(20072, 6),
	(20073, 1),
	(20074, 4),
	(20075, 2),
	(20076, 6),
	(20081, 4),
	(20083, 2),
	(20089, 1),
	(20090, 2),
	(20094, 1),
	(20098, 1),
	(20099, 2),
	(20101, 8),
	(20107, 9),
	(20108, 5),
	(20110, 7),
	(20111, 4),
	(20112, 6),
	(20113, 8),
	(20118, 7),
	(20119, 9),
	(20120, 1),
	(20121, 2),
	(20122, 5),
	(20123, 4),
	(20124, 6),
	(20125, 7),
	(20126, 9),
	(20127, 8),
	(20128, 5),
	(20131, 3),
	(20132, 3),
	(20133, 3),
	(20134, 3),
	(20135, 3),
	(20136, 3),
	(20137, 3),
	(20138, 3),
	(20142, 1),
	(20143, 6)
--SET IDENTITY_INSERT [schmond].[dbo].[ItemClassSetting] OFF