/* 
    Items AQ40
		            */

SET IDENTITY_INSERT [schmond].[dbo].[Item] ON
INSERT INTO [schmond].[dbo].[Item] ([ItemId], [ItemName], [ItemNameEN]) VALUES
(60001,'Stabfuss von Atiesh','Base of Atiesh'),
(60002,'Gürtel der endlosen Pein','Belt of Never-ending Agony'),
(60003,'Carapace of the Old God','Carapace of the Old God'),
(60004,'Umhang der Klarsicht','Cloak of Clarity'),
(60005,'Umhang des Verschlungenen','Cloak of the Devoured'),
(60006,'Dunkle Schneide des Irrsinns','Dark Edge of Insanity'),
(60007,'Stulpen der dunklen Stürme','Dark Storm Gauntlets'),
(60008,'Stich des Todes','Death''s Sting'),
(60009,'Auge von C''Thun','Eye of C''Thun'),
(60010,'Augenstrangkordel','Eyestalk Waist Cord'),
(60011,'Stulpen der Vernichtung','Gauntlets of Annihilation'),
(60012,'Griff des alten Gottes','Grasp of the Old God'),
(60013,'Husk of the Old God','Husk of the Old God'),
(60014,'Mal von C''Thun','Mark of C''Thun'),
(60015,'Ring des Göttertöters','Ring of the Godslayer'),
(60016,'Szepter des falschen Propheten','Scepter of the False Prophet'),
(60017,'Bezwungene Tentakel von C''Thun','Vanquished Tentacle of C''Thun'),
(60018,'Amulett von Vek''nilash','Amulet of Vek''nilash'),
(60019,'Gürtel des gefallenen Imperators','Belt of the Fallen Emperor'),
(60020,'Stiefel der göttlichen Erscheinung','Boots of Epiphany'),
(60021,'Armreife der königlichen Erlösung','Bracelets of Royal Redemption'),
(60022,'Formel: Umhang – Feingefühl','Formula: Enchant Cloak - Subtlety'),
(60023,'Forme: Handschuhe – Bedrohung','Formula: Enchant Gloves - Threat'),
(60024,'Handschuhe des verborgenen Tempels','Gloves of the Hidden Temple'),
(60025,'Griff des gefallenen Imperators','Grasp of the Fallen Emperor'),
(60026,'Kalimdors Rache','Kalimdor''s Revenge'),
(60027,'Vollstreckungsarmschienen der Qiraji','Qiraji Execution Bracers'),
(60028,'Vek''nilashs Gürtel der Regeneration','Regenerating Belt of Vek''nilash'),
(60029,'Ring des Imperators Vek''lor','Ring of Emperor Vek''lor'),
(60030,'Königlicher Qirajigürtel','Royal Qiraji Belt'),
(60031,'Königliches Szepter von Vek''lor','Royal Scepter of Vek''lor'),
(60032,'Vek''lor''s Diadem','Vek''lor''s Diadem'),
(60033,'Vek''lors Handschuhe der Verwüstung','Vek''lor''s Gloves of Devastation'),
(60034,'Vek''nilash''s Circlet','Vek''nilash''s Circlet'),
(60035,'Imperiale Qirajiwaffe','Imperial Qiraji Armaments'),
(60036,'Imperiale Qirajiinsignie','Imperial Qiraji Regalia'),
(60037,'Uralter Qirajizerfetzer','Ancient Qiraji Ripper'),
(60038,'Widerhaken des Sandhäschers','Barb of the Sand Reaver'),
(60039,'Stachelhalsreif','Barbed Choker'),
(60040,'Umhang der ungelüfteten Geheimnisse','Cloak of Untold Secrets'),
(60041,'Fetisch des Sandhäschers','Fetish of the Sand Reaver'),
(60042,'Stiefel des Schwarmbaugräbers','Hive Tunneler''s Boots'),
(60043,'Buchband der Anmut','Libram of Grace'),
(60044,'Mantel der boshaften Rache','Mantle of Wicked Revenge'),
(60045,'Schulterstücke des Unerbittlichen','Pauldrons of the Unrelenting'),
(60046,'Roben des Schutzheiligen','Robes of the Guardian Saint'),
(60047,'Schuppengamaschen des Sandhäschers','Scaled Sand Reaver Leggings'),
(60048,'Brustschutz aus Silithidenknochenpanzer','Silithid Carapace Chestguard'),
(60049,'Totem des Lebens','Totem of Life'),
(60050,'Umhang des goldenen Schwarms','Cloak of the Golden Hive'),
(60051,'Handschuhe des Messias','Gloves of the Messiah'),
(60052,'Handgelenksschützer des Schwarmbauentweihers','Hive Defiler Wristguards'),
(60053,'50s Stachel','50''s Stinger'),
(60054,'Ring des Märtyrers','Ring of the Martyr'),
(60055,'Wespenhautstulpen','Wasphide Gauntlets'),
(60056,'Qiraji Bindings of Command','Qiraji Bindings of Command'),
(60057,'Qiraji Bindings of Dominance','Qiraji Bindings of Dominance'),
(60058,'Armschienen des Wühlers','Burrower Bracers'),
(60059,'Don Rigobertos verlorener Hut','Don Rigoberto''s Lost Hat'),
(60060,'Jom Gabbar','Jom Gabbar'),
(60061,'Larve des grossen Wurms','Larvae of the Great Worm'),
(60062,'53s Intakte Haut','53''s Intact Hide'),
(60063,'Haut des grossen Sandwurms','Skin of the Great Sandworm'),
(60064,'Panzer des Wühlers','The Burrower''s Shell'),
(60065,'Wurmschuppenblocker','Wormscale Blocker'),
(60066,'Abzeichen der Schwarmwache','Badge of the Swarmguard'),
(60067,'44echerrankenhelm','Creeping Vine Helm'),
(60068,'Stulpen der festen Entschlossenheit','Gauntlets of Steadfast Determination'),
(60069,'Handschuhe der Vollstreckung','Gloves of Enforcement'),
(60070,'Gamaschen des faulenden Schwarms','Leggings of the Festering Swarm'),
(60071,'Beinplatten des flammenden Lichts','Legplates of Blazing Light'),
(60072,'Halskette der Reinheit','Necklace of Purity'),
(60073,'Zusammengesetzte Stiefel','Recomposed Boots'),
(60074,'Roben der Schlachtwache','Robes of the Battleguard'),
(60075,'47s Macht','47''s Might'),
(60076,'Schuppengamaschen des Qirajizorns','Scaled Leggings of Qiraji Fury'),
(60077,'Silithidenklaue','Silithid Claw'),
(60078,'Dicker Qirajihautgürtel','Thick Qirajihide Belt'),
(60079,'Amulett des faulen Zauberschutzes','Amulet of Foul Warding'),
(60080,'Sperrfeuerschultern','Barrage Shoulders'),
(60081,'Handgelenksschützer aus Käferschuppen','Beetle Scaled Wristguards'),
(60082,'Stiefel des gefallenen Propheten','Boots of the Fallen Prophet'),
(60083,'Stiefel der widerrufenen Prophezeiung','Boots of the Redeemed Prophecy'),
(60084,'Stiefel des standhaften Willens','Boots of the Unwavering Will'),
(60085,'Brustplatte der Vernichtung','Breastplate of Annihilation'),
(60086,'Umhang des geballten Hasses','Cloak of Concentrated Hatred'),
(60087,'Hammer von Ji''zhi','Hammer of Ji''zhi'),
(60088,'Gamaschen der bodenlosen Tiefe','Leggings of Immersion'),
(60089,'Anhänger des Qirajiwächters','Pendant of the Qiraji Guardian'),
(60090,'Pläne: Dicke Obsidianbrustplatte','Plans: Thick Obsidian Breastplate'),
(60091,'Ring des wirren Gedankens','Ring of Swarming Thought'),
(60092,'Stab der Qirajipropheten','Staff of the Qiraji Prophets'),
(60093,'44egshammer des Anubisath','Anubisath Warhammer'),
(60094,'Blauer Qirajiresonanz44stall','Blue Qiraji Resonating Crystal'),
(60095,'Gewand des königlichen Aufstiegs','Garb of Royal Ascension'),
(60096,'Handschuhe des Unsterblichen','Gloves of the Immortal'),
(60097,'Handschuhe der widerrufenen Prophezeiung','Gloves of the Redeemed Prophecy'),
(60098,'Grüner Qirajiresonanz44stall','Green Qiraji Resonating Crystal'),
(60099,'Neretzek der Bluttrinker','Neretzek, The Blood Drinker'),
(60100,'Roter Qirajiresonanz44stall','Red Qiraji Resonating Crystal'),
(60101,'Ritssyns Ring des Chaos','Ritssyn''s Ring of Chaos'),
(60102,'Splitter des gefallenen Sterns','Shard of the Fallen Star'),
(60103,'Gelber Qirajiresonanz44stall','Yellow Qiraji Resonating Crystal'),
(60104,'Angelistas Glücksbringer','Angelista''s Charm'),
(60105,'Angelistas Berührung','Angelista''s Touch'),
(60106,'Gallenbespritzte Stulpen','Bile-Covered Gauntlets'),
(60107,'Stiefel des gefallenen Helden','Boots of the Fallen Hero'),
(60108,'Cape der Dreifaltigkeit','Cape of the Trinity'),
(60109,'Handschuhe von Ebru','Gloves of Ebru'),
(60110,'Erscheinung des Verschlingers','Guise of the Devourer'),
(60111,'Mantel der inneren Kraft','Mantle of Phrenic Power'),
(60112,'Mantel des Wüstenfeldzugs','Mantle of the Desert Crusade'),
(60113,'Mantel des Wüstenzorns','Mantle of the Desert''s Fury'),
(60114,'Verschlammte Stulpen','Ooze-ridden Gauntlets'),
(60115,'Versteinerter Skarabäus','Petrified Scarab'),
(60116,'Ring des Verschlungenen','Ring of the Devoured'),
(60117,'Roben des Dreigestirns','Robes of the Triumvirate'),
(60118,'Dreistoffmantel','Ternary Mantle'),
(60119,'Triadengurt','Triad Girdle'),
(60120,'Ukkos Ring der Dunkelheit','Ukko''s Ring of Darkness'),
(60121,'Weste der zügigen Vollstreckung','Vest of Swift Execution'),
(60122,'Zauberstab des Qirajiadels','Wand of Qiraji Nobility'),
(60123,'Stulpen von Kalimdor','Gauntlets of Kalimdor'),
(60124,'Stulpen des rechtschaffenden Champions','Gauntlets of the Righteous Champion'),
(60125,'Götze der Gesundheit','Idol of Health'),
(60126,'Ring des Qirajizorns','Ring of the Qiraji Fury'),
(60127,'Skarabäusbrosche','Scarab Brooch'),
(60128,'Geschärfter Silithidenknochens','Sharpened Silithid Femur'),
(60129,'Schleimbeschichtete Gamaschen','Slime-coated Leggings')
SET IDENTITY_INSERT [schmond].[dbo].[Item] OFF

INSERT INTO [schmond].[dbo].[ItemClassSetting] ([FK_ItemId], [FK_ClassId]) VALUES
(60032,9),
(60032,6),
(60032,4),
(60032,7),
(60032,5),
(60034,8),
(60034,1),
(60034,2),
(60034,3),
(60056,8),
(60056,6),
(60056,4),
(60056,1),
(60057,9),
(60057,7),
(60057,2),
(60057,3),
(60057,5),
(60062,8),
(60062,4),
(60062,1),
(60062,2),
(60063,9),
(60063,6),
(60063,7),
(60063,3),
(60063,5),
(60097,9)

INSERT INTO [schmond].[dbo].[ItemBossSetting] ([FK_ItemId], [FK_BossId]) VALUES
(60001,54),
(60002,54),
(60003,54),
(60004,54),
(60005,54),
(60006,54),
(60007,54),
(60008,54),
(60009,54),
(60010,54),
(60011,54),
(60012,54),
(60013,54),
(60014,54),
(60015,54),
(60016,54),
(60017,54),
(60018,51),
(60019,51),
(60020,51),
(60021,51),
(60022,51),
(60023,51),
(60024,51),
(60025,51),
(60026,51),
(60027,51),
(60028,51),
(60029,51),
(60030,51),
(60031,51),
(60032,51),
(60033,51),
(60034,51),
(60035,51),
(60035,48),
(60035,50),
(60035,53),
(60035,47),
(60035,43),
(60035,46),
(60035,49),
(60036,51),
(60036,48),
(60036,50),
(60036,53),
(60036,47),
(60036,43),
(60036,46),
(60036,49),
(60037,48),
(60038,48),
(60039,48),
(60040,48),
(60041,48),
(60042,48),
(60043,48),
(60044,48),
(60045,48),
(60046,48),
(60047,48),
(60048,48),
(60049,48),
(60050,50),
(60051,50),
(60052,50),
(60053,50),
(60054,50),
(60055,50),
(60056,50),
(60056,49),
(60057,50),
(60057,49),
(60058,53),
(60059,53),
(60060,53),
(60061,53),
(60062,53),
(60063,53),
(60064,53),
(60065,53),
(60066,47),
(60067,47),
(60068,47),
(60069,47),
(60070,47),
(60071,47),
(60072,47),
(60073,47),
(60074,47),
(60075,47),
(60076,47),
(60077,47),
(60078,47),
(60079,43),
(60080,43),
(60081,43),
(60082,43),
(60083,43),
(60084,43),
(60085,43),
(60086,43),
(60087,43),
(60088,43),
(60089,43),
(60090,43),
(60091,43),
(60092,43),
(60093,55),
(60094,55),
(60095,55),
(60096,55),
(60097,55),
(60098,55),
(60099,55),
(60100,55),
(60101,55),
(60102,55),
(60103,55),
(60104,46),
(60105,46),
(60106,46),
(60107,46),
(60108,46),
(60109,46),
(60110,46),
(60111,46),
(60112,46),
(60113,46),
(60114,46),
(60115,46),
(60116,46),
(60117,46),
(60118,46),
(60119,46),
(60120,46),
(60121,46),
(60122,46),
(60123,49),
(60124,49),
(60125,49),
(60126,49),
(60127,49),
(60128,49),
(60129,49)