/* 
    Items AQ20
		            */

SET IDENTITY_INSERT [schmond].[dbo].[Item] ON
INSERT INTO [schmond].[dbo].[Item] ([ItemId], [ItemName], [ItemNameEN]) VALUES
(50001,'Stiefel des Wüstenbeschützers','Boots of the Desert Protector'),
(50002,'Stiefel der feurigen Sande','Boots of the Fiery Sands'),
(50003,'Bogen der straffen Sehne','Bow of Taut Sinew'),
(50004,'Helm des Nachwachsens','Helm of Regrowth'),
(50005,'Ring der Wüstenwinde','Ring of the Desert Winds'),
(50006,'Stulpen aus Silithidenschuppen','Scaled Silithid Gauntlets'),
(50007,'Stachel von Ayamiss','Stinger of Ayamiss'),
(50008,'Zeremonienring der Qiraji','Qiraji Ceremonial Ring'),
(50009,'Gebieterring der Qiraji','Qiraji Magisterial Ring'),
(50010,'Kampftuch der Qiraji','Qiraji Martial Drape'),
(50011,'Hoheitstuch der Qiraji','Qiraji Regal Drape'),
(50012,'Verschnörkelter Griff der Qiraji','Qiraji Ornate Hilt'),
(50013,'Stachelgriff der Qiraji','Qiraji Spiked Hilt'),
(50014,'Stulpen des Unbeweglichen','Gauntlets of the Immovable'),
(50015,'Burus Schädelfragment','Buru''s Skull Fragment'),
(50016,'Chitinstachelfetisch','Fetish of Chitinous Spikes'),
(50017,'Handschuhe des Schwarms','Gloves of the Swarm'),
(50018,'Treibsandwandler','Quicksand Waders'),
(50019,'Schuppenarmschienen des Verschlingers','Scaled Bracers of the Gorger'),
(50020,'Schleimkicker','Slime Kickers'),
(50021,'Schleimige Schuppenstulpen','Slimy Scaled Gauntlets'),
(50022,'Zorn des vergessenen Schwarms','Fury of the Forgotten Swarm'),
(50023,'Hammer der Qirajigewalt','Gavel of Qiraji Authority'),
(50024,'Treter des wandernden Nomaden','Treads of the Wandering Nomad'),
(50025,'Gürtel der Inquisition','Belt of the Inquisition'),
(50026,'Gürtel des Sandhäschers','Belt of the Sand Reaver'),
(50027,'Opferdolch der Qiraji','Qiraji Sacrificial Dagger'),
(50028,'Handgelenksschützer des Sandhäschers','Sand Reaver Wristguards'),
(50029,'Handschuhe aus gekräftigter Silithidenhaut','Toughened Silithid Hide Gloves'),
(50030,'Gewänder der Sandstürme','Vestments of the Shifting Sands'),
(50031,'Pläne: Dunkler Griff des Zerstörers','Plans: Black Grasp of the Destroyer'),
(50032,'Chitinschulterschutz','Chitinous Shoulderguards'),
(50033,'Umhang des Retters','Cloak of the Savior'),
(50034,'Turban der staubigen Winde','Dustwind Turban'),
(50035,'Auge von Moam','Eye of Moam'),
(50036,'Stulpen des Südwinds','Gauntlets of Southwind'),
(50037,'Beinplatten des Zerstörers','Legplates of the Destroyer'),
(50038,'Mantel von Maz''Nadir','Mantle of Maz''Nadir'),
(50039,'Obsidianschuppengamaschen','Obsidian Scaled Leggings'),
(50040,'Ring des Zorns','Ring of Fury'),
(50041,'Helm des Südwinds','Southwind Helm'),
(50042,'Kralle der gewaltigen Konzentration','Talon of Furious Concentration'),
(50043,'Dicker Silithidenbrustschutz','Thick Silithid Chestguard'),
(50044,'Armschienen der Unbarmherzigkeit','Bracers of Brutality'),
(50045,'Armbrust der bevorstehenden Verdammnis','Crossbow of Imminent Doom'),
(50046,'Stulpen des neuen Lebens','Gauntlets of New Life'),
(50047,'Handschuhe der düsteren Weisheit','Gloves of Dark Wisdom'),
(50048,'Kopf von Ossirian dem Narbenlosen','Head of Ossirian the Unscarred'),
(50049,'Helm der Herrschaft','Helm of Domination'),
(50050,'Gamaschen des schwarzen Blizzards','Leggings of the Black Blizzard'),
(50051,'Mantel von Horusath','Mantle of the Horusath'),
(50052,'Ossirians Bindung','Ossirian''s Binding'),
(50053,'Schultern mit runenverzierten Steinen','Runic Stone Shoulders'),
(50054,'Sandpolierter Hammer','Sand Polished Hammer'),
(50055,'Sandsturmumhang','Sandstorm Cloak'),
(50056,'Fesseln des Narbenlosen','Shackles of the Unscarred'),
(50057,'Stab der Ruinen','Staff of the Ruins'),
(50058,'Stiefel des Qirajigenerals','Boots of the Qiraji General'),
(50059,'Stiefel des Vorposten','Boots of the Vanguard'),
(50060,'Armschienen des Qirajikommandos','Bracers of Qiraji Command'),
(50061,'Beinplatten des Qirajikommandos','Legplates of the Qiraji Command'),
(50062,'Menschentöter der Qiraji','Manslayer of the Qiraji'),
(50063,'Südwinds Griff','Southwind''s Grasp')
SET IDENTITY_INSERT [schmond].[dbo].[Item] OFF

INSERT INTO [schmond].[dbo].[ItemClassSetting] ([FK_ItemId], [FK_ClassId]) VALUES
(50008,6),
(50008,4),
(50008,1),
(50008,3),
(50009,8),
(50009,9),
(50009,7),
(50009,2),
(50009,5),
(50010,8),
(50010,4),
(50010,1),
(50010,2),
(50011,9),
(50011,6),
(50011,7),
(50011,3),
(50011,5),
(50012,1),
(50012,2),
(50012,3),
(50012,5),
(50013,8),
(50013,9),
(50013,6),
(50013,4),
(50013,7)

INSERT INTO [schmond].[dbo].[ItemBossSetting] ([FK_ItemId], [FK_BossId]) VALUES
(50001,40),
(50002,40),
(50003,40),
(50004,40),
(50005,40),
(50006,40),
(50007,40),
(50008,40),
(50008,39),
(50008,36),
(50008,38),
(50008,41),
(50008,37),
(50009,40),
(50009,39),
(50009,36),
(50009,28),
(50009,41),
(50009,37),
(50010,40),
(50010,39),
(50010,36),
(50010,37),
(50011,40),
(50011,39),
(50011,36),
(50011,37),
(50012,40),
(50012,39),
(50012,38),
(50012,41),
(50013,40),
(50013,39),
(50013,38),
(50013,41),
(50014,40),
(50014,38),
(50015,39),
(50016,39),
(50017,39),
(50018,39),
(50019,39),
(50020,39),
(50021,39),
(50022,37),
(50023,37),
(50024,37),
(50025,36),
(50026,36),
(50027,36),
(50028,36),
(50029,36),
(50030,36),
(50031,38),
(50032,38),
(50033,38),
(50034,38),
(50035,38),
(50036,38),
(50037,38),
(50038,38),
(50039,38),
(50040,38),
(50041,38),
(50042,38),
(50043,38),
(50044,41),
(50045,41),
(50046,41),
(50047,41),
(50048,41),
(50049,41),
(50050,41),
(50051,41),
(50052,41),
(50053,41),
(50054,41),
(50055,41),
(50056,41),
(50057,41),
(50058,37),
(50059,37),
(50060,37),
(50061,37),
(50062,37),
(50063,37)